"0","test@duke.edu","pbkdf2:sha256:260000$ScuMutvp73ODdt9c$38644d24b021b52e10df9dbd2c045a249a89c59f2b2f17e0646c73d1b5389663","test","test","100","Durham NC"
"1","martha10@hotmail.com","pbkdf2:sha256:260000$XA23v6AyPLrSgdvk$bb7bde70806b6bcbae3d7a5559ab3f37175f335dfbf8e1c0ae8c9f172dbb6b6b","Denise","Thornton","2987","30989 Anthony Roads
New Maria, MO 12498"
"2","deborah64@gmail.com","pbkdf2:sha256:260000$uK8tTs0D8o89cNMc$04c742119eb715140840f95c2db44fb41bb796544c5acc8f5293bd0a705484c2","Jeanne","Green","99437","22584 Candice Mills
North Thomas, OK 67164"
"3","franklinjames@yahoo.com","pbkdf2:sha256:260000$KbyFZDsiexQHHrid$04519e0b18e1d8d4ea175e67fe12023493b9051c866ff5adebadd52259133de4","John","Hoffman","74975","63812 Richard Springs Suite 503
Lake Karenhaven, CT 25464"
"4","samanthasims@yahoo.com","pbkdf2:sha256:260000$iyXvQeuHcRlUSgeR$75299dd91597639e960bf395127542c2b9238b5d810b87a621345aa173c677ae","Timothy","Parker","68100","87755 Timothy Squares
Simmonsport, WA 90561"
"5","taguilar@hotmail.com","pbkdf2:sha256:260000$QuTLiVz3YatJ7QIx$a858acf477024e914d7ba9419886c4046dc508eb2b8c1497153496a15f4cc7ed","Linda","Freeman","32153","577 Amy Forges Apt. 555
New Eddieview, WY 20935"
"6","georgedavid@yahoo.com","pbkdf2:sha256:260000$wwlGPFtYVGpZ0B0Z$640d05e9393ff57b867f5e26273bde91d10b983355ac47cccf9c43c978ad3158","Sandra","Brown","94253","256 Cheryl Lights
Williamsfort, FL 03152"
"7","chad50@yahoo.com","pbkdf2:sha256:260000$SDUWjsmx7mUVD9Ai$5f1ff800501e4f3404ae2ddab6a29a1646227fae425cfaac58ba1eb972efc2c3","Paula","Wilkerson","10256","16116 Jessica Burgs Suite 660
Calhounmouth, KS 10795"
"8","jyang@hotmail.com","pbkdf2:sha256:260000$TVn5Q0DienqFt1u5$1c7da1a4347e11ffc9a9dc4ce08ed10da89004d707999b296c632788d8905471","Willie","Garcia","86164","332 Watson Shore Apt. 290
Millerland, MT 39742"
"9","bramirez@gmail.com","pbkdf2:sha256:260000$cG9wfKhpU4X6uxx7$a3f1b148d53ba6b4b60dccc31658e83709b2da9506f4dc42cfb31afb0478de86","Michael","Montgomery","45834","Unit 4892 Box 6717
DPO AE 71770"
"10","kellypeter@gmail.com","pbkdf2:sha256:260000$YjCkzhQmlkn44fQo$cef46a25f35ee0147c2952ffe1324ee3f7b035a79f0c504549e9535fced2fec3","Melissa","James","27322","637 Neal Island Suite 074
Lake Tyler, RI 28775"
"11","tarasanders@gmail.com","pbkdf2:sha256:260000$HvGwvDYkG9kdDlcq$2039fab9595fb57aaaa2de22cc6e3b6c5692b9000173c201d673fd75cb27c557","Lisa","Bush","16310","774 Lewis Grove Apt. 002
Adamtown, CA 56566"
"12","virginia18@yahoo.com","pbkdf2:sha256:260000$e77NOk2Z4wXyZQiQ$b3d664a991017678798df309d5bb66f90361e384f2b3bdd1b0f51c86583f6cc4","Bruce","Miller","95926","9168 Williams Falls
South Jeffrey, KY 46651"
"13","jensenanthony@hotmail.com","pbkdf2:sha256:260000$gxPoLwUhBUJRKTLI$7abe3475015c90325d9b566f468280042ce43450c5fbe0c139939f52b9fa7ddd","Mark","Burnett","30762","37933 Lisa Trace
Gomezshire, SC 65835"
"14","kmalone@gmail.com","pbkdf2:sha256:260000$yxUfH88dZE4NcKy5$87786db8a63e786fea88cddcd2ca817f9c2bdfdfcc2d8e291c392d0cc2460c59","Courtney","Valdez","58411","76254 Debra Stream
Reyeschester, KS 70454"
"15","kingerin@hotmail.com","pbkdf2:sha256:260000$6mvVEJKB08ZloUPr$4ed897ad591249c85936211228094fe203b2d065cc63c40370186ee3837e42b1","Henry","Moss","76971","48487 Kendra Ports Suite 076
South Michaelton, KY 97488"
"16","meganbrady@gmail.com","pbkdf2:sha256:260000$W96vce6fp9WIFlAl$d7fea279fb5a2120136ec490fd24f1adf18926ec5a14a12c04605f8339b7db80","Amy","Fowler","61825","4440 Osborne Viaduct Suite 488
Veronicaborough, WY 57084"
"17","kgomez@gmail.com","pbkdf2:sha256:260000$1A7uTiL8B5Ep3iJt$ba3481c2238271ebdc82ec6657b40e83ffb74b7483711e6da20842aed5316d18","Tammy","Reilly","81481","514 Travis Track Suite 366
Rowefurt, AZ 76875"
"18","thomaspeters@hotmail.com","pbkdf2:sha256:260000$qjDDALTrbYVq1fj3$6427b1e4859541b61d8255b5d9b1fb4e18a4187997ce4c39d70daf0a14c946a1","Robin","Harris","2069","78209 Darlene Bypass Suite 137
Port Stephen, VT 44235"
"19","susan06@yahoo.com","pbkdf2:sha256:260000$pKXEV2L5enJk2dab$6718c5527592ab1661e8f783e88d179ec68728dbbdc07c1d25a0f63b0923fcde","Jared","Vaughn","3004","1086 Johnson Path Apt. 155
South Tammyberg, NC 82490"
"20","william86@gmail.com","pbkdf2:sha256:260000$6imOoti4cuS5zkfv$b688c5153aaf9af6cc6e52d5d3d9d08e50c59b8070744ce9059e4f4f075c01c4","Lauren","Mcdaniel","89968","01992 Emily Light
South Samuelmouth, IA 18566"
"21","michaelanderson@hotmail.com","pbkdf2:sha256:260000$7v13x9gqmxvm1c34$bb8d11d7583eb303e8bae306f9e4a4824d5b7b6c3c65704c00e7fd3b1c800e5b","Brian","Richardson","73480","42954 Walters Highway
Johnsonchester, MS 95905"
"22","deleonwilliam@gmail.com","pbkdf2:sha256:260000$JXAnNTZz309bZM7V$f4881d9393b3360ec934ed6b930b8c7365489456ee2734cef82712b15b533f32","Maria","Harris","16061","01575 Erica Land
Elizabethbury, OH 72804"
"23","joshua07@yahoo.com","pbkdf2:sha256:260000$2HuXlFEf8Ni4fucK$f85f7f5e621e1423aa44a2cbd8665c2ef760abb17146aff7892ddadf896c6f16","Heather","Davis","22393","68971 Hansen Well
Moniquetown, IN 65740"
"24","leonardsutton@gmail.com","pbkdf2:sha256:260000$SfDfvvK6TqAJDjkE$d6b488f05113f02425a6da8674e16fd2e1081a2cc598f05ff9cc33d5c3168266","Patrick","Spears","67748","Unit 7879 Box 9368
DPO AA 64290"
"25","hromero@hotmail.com","pbkdf2:sha256:260000$XREoqMIhIoiaoGfH$48ffe4aceb1f4e0aa207e004f69f86e88c2939a4e0342ffe0798398cac27a981","Debra","Aguilar","65428","1140 Christine Shoals
South Jamie, MD 26932"
"26","angela30@gmail.com","pbkdf2:sha256:260000$yxDPpsMprklOXyJf$3757a0110b14f0923fda90d27fd8800754a1eb93f2cd9d4a2a4e7b2bb78e09e6","Cody","Crawford","65731","835 April Plains Suite 297
New Scott, NM 79664"
"27","ygraham@hotmail.com","pbkdf2:sha256:260000$3rUebZqdrACV6iLp$94f48eb4df02f3ee4e58ef780e510b9c7e479130efe186d6a20b8886ef5c814c","Cynthia","Faulkner","33076","1974 Patrick Summit Suite 394
North Ericshire, NM 08797"
"28","millerlori@yahoo.com","pbkdf2:sha256:260000$faTeVdqxp3fb1K2S$de1e2d48f827c9499ba622ee728bcc1bab50d915de93a838a21710341a28b0f9","Kelly","Casey","26092","3975 Joseph Keys
East Steven, DC 36784"
"29","pmartinez@yahoo.com","pbkdf2:sha256:260000$4WRkPenaquS9Cy17$c1a0c2480d114d043ccd66177f65cb5a7388896a95042a7b2937e2f12d53ebe9","Thomas","Patel","95530","76031 Garcia Falls
South Alexis, MN 69377"
"30","stafforderic@gmail.com","pbkdf2:sha256:260000$h8jnjqWdDDKhHiSO$2ce958823d4317d6b77a3452686a0405622fdb321efbc28c5428d87009c5c65b","Johnny","Martinez","4867","PSC 0367, Box 4656
APO AA 95684"
"31","smithsabrina@gmail.com","pbkdf2:sha256:260000$ptMJqP5yi7at3PUC$8d20c97138ef68f5f4e19fa7c4414960e3b576579888548b8b070442bd5580ff","David","Turner","39925","39140 Sheila Ferry
Lake Michael, KY 01682"
"32","rmiranda@hotmail.com","pbkdf2:sha256:260000$ACiEImnHSI1jYedB$47c6c6d0e886e0c09824a410607cf16f3952b798778654d78735e65fa6334a3d","Evelyn","Hendricks","8073","7954 Stephen Throughway Apt. 184
Franklinchester, GA 80124"
"33","millersamuel@yahoo.com","pbkdf2:sha256:260000$e8OzGVEaMS7D5fKn$bc997a963e005bc69063726ab61b39f77921c31a031263ef667ae151e506cab9","Paula","Walter","7299","0525 Christopher Fords
Shannonfort, ND 69503"
"34","cherylstewart@yahoo.com","pbkdf2:sha256:260000$8eUCWALNTtHBHL0z$d1a0c33b3650593931b6db69963b652cf9335a3cf63c573694667426eea41bd0","Derrick","Webb","66296","520 Fox Expressway Suite 497
North Jasmine, PA 88434"
"35","santanajimmy@gmail.com","pbkdf2:sha256:260000$HXH8Y5N4PHC1osYP$2dd5b9e9dadf055b71a647feabb45446a3cbd5b2715d26739592ebafb74f4240","Patrick","Graves","12025","49874 Farrell Orchard Suite 311
New Veronicashire, MA 96567"
"36","stephenbeck@yahoo.com","pbkdf2:sha256:260000$5yU4wHWMj5sOaysb$2408a9cb80477237bf6c2bc7739d64ab798d2f8adc4348152c973a4518bf423e","Leah","Bell","22614","94930 Madison Streets Apt. 622
Ryanhaven, IN 88294"
"37","palmercassandra@hotmail.com","pbkdf2:sha256:260000$THnelEF5rjeWiq3g$7ace5e6861ca317194d9db115a24e3023fd4060d7d80fb55cda6a9df0a338e31","Dalton","Fritz","9549","33319 Russell Village
New James, CO 25596"
"38","alisongreer@yahoo.com","pbkdf2:sha256:260000$vvUlkfUGthOABnfD$2bdd602921b8d309ea936db6df1a2c24deee06785aae35eaa30e95b4d2264edb","Madeline","Stevenson","85767","3348 Curtis Street
Fosterberg, CA 38222"
"39","jasondavis@hotmail.com","pbkdf2:sha256:260000$WEhd9sMUP3Leiv7x$1e8adf7df53bec95ebdff3308b69e9a643017a197502dbb57b226aa83176742a","Valerie","Charles","26559","496 Jeanette Divide Suite 055
Danafurt, AK 39361"
"40","markchan@gmail.com","pbkdf2:sha256:260000$gXM3CVBeXO6f0kfj$c059ab0e793e81034f8dec1c08cf1fd81e6ce217ca6312e7f5bfa2bb98c0225d","James","Scott","94619","742 Jared Green
Lake Anthonyport, RI 94947"
"41","castroallen@gmail.com","pbkdf2:sha256:260000$H1yOKe4aQghJ8kx7$f4b8cc6419df852b13b6a4ab3ac4f46b231958ef2f6fff1e90a26ca7a782e65d","Jennifer","Garcia","9357","18940 Samantha Creek Apt. 722
Scottburgh, VT 75335"
"42","caleb01@yahoo.com","pbkdf2:sha256:260000$p2MuJztgDSYZbiIw$e84ec99be9a225a1d5e92135bff3b9d4ce537e6a5dad655ee6e9bf606247ccc8","Keith","Jones","58723","431 Johnson Neck Suite 039
Mariechester, VT 67849"
"43","guerrerothomas@hotmail.com","pbkdf2:sha256:260000$Ho6VpT3EZYvq2QGj$d186f2fb6510f412faa9f6dae5a9193d5868beb3e564e3f1bbaf8fc0cfe4c797","Lori","Moore","24363","20866 Keith Mill
Susanton, NJ 21190"
"44","allison58@hotmail.com","pbkdf2:sha256:260000$Ba3rMLRDF59Tnpx3$df27a24a4d4f439df0540770ccfa6f0b4a10888ff481e3e2df90beceb4b06632","Ariel","Freeman","41272","125 Dixon Common
Lake Natashabury, VA 50064"
"45","jeremy24@yahoo.com","pbkdf2:sha256:260000$4NrDqQF6ff6NDETN$f869c053d629185eef61588b77561b029814564349c97bba924eb74153ce7c02","Randy","Bernard","36689","0684 Samantha Cape
Jennifermouth, MT 01521"
"46","johnny46@hotmail.com","pbkdf2:sha256:260000$qu6kOlC2fYZ7JfAv$d7d93ffcd0835241e90749c9bc0c1983c7ae858925ad263b86ea33ec2d4b7246","Timothy","Kerr","83979","2648 Flores Stream
Henryville, PA 41804"
"47","james07@yahoo.com","pbkdf2:sha256:260000$7SNgf1iwLhw7wtom$57efb805f01cf4df8561a0ce25149ce38274187303c8ac9ba99b9b8fdd927047","William","Crawford","14737","5830 Nielsen Greens Suite 891
Patriciahaven, FL 08869"
"48","marquezpaula@hotmail.com","pbkdf2:sha256:260000$mUDsKKdH7X53Hvo8$0f31d51162dfb3343ca9f3c694fae43624d6266464ab733944b5844b6210a792","Jonathan","Davis","75892","45116 Blake Inlet Suite 034
East Melanie, NJ 32055"
"49","josephmason@hotmail.com","pbkdf2:sha256:260000$ZtgiPDuSx7Oiz23L$52ab5e618e720d9bea57d8cbc63b3df6eee78c18899cf4f9d3fba7c19dfae584","Kathryn","Noble","61098","15233 Keller Wall Suite 978
Kimtown, TX 81993"
"50","richard56@yahoo.com","pbkdf2:sha256:260000$UCM9IqvsKG97W0iZ$a6c4b0e168be42e72bebdc3e3ba526bc7907788532879b25e993a8b58b9a694b","Daniel","Cortez","44284","31925 Ware Trail Suite 586
Riveraview, ME 58653"
"51","fosterbryan@yahoo.com","pbkdf2:sha256:260000$yfmx7EVMZe2SGO4L$08fe7d21b88563e876378d358381056f796f843dfe742222c60c20de938c5e01","Kenneth","Boyd","48358","61322 Hill Springs
Garymouth, CT 99406"
"52","anthonyvincent@yahoo.com","pbkdf2:sha256:260000$ixwBCHzCdIekJpC4$196cfe683963a6172421c6acf3a3ab00953c88ad8f56070bf3d2ca2a1064fc47","Renee","Moore","54660","5285 Lisa Course
North James, VT 86261"
"53","sawyersamuel@yahoo.com","pbkdf2:sha256:260000$CiIcpcCutrwd5N46$21d252f92dde5baa870fd0c8e138ac927bb7c34d751831f3f1ee1892ba141532","Alyssa","Farley","42390","938 Jason Summit
Gallowayville, GA 21419"
"54","gstone@yahoo.com","pbkdf2:sha256:260000$WjmFHQK4MCbZZ2fp$cd39de7a04f365f90112a6d409fa895b2f154b8a95762af229d7fb79968984ef","Alexis","Williams","56618","810 Ralph Via
Georgefurt, TN 42292"
"55","kevinflores@gmail.com","pbkdf2:sha256:260000$liCdlNbjIai6GE7o$c0c862bbd859d8599d4d19e7e529c847ca3fa178e9e7ed5e7b988371800136e4","Jasmine","Castro","36696","983 William Oval
New Jessica, DE 20592"
"56","gordon43@hotmail.com","pbkdf2:sha256:260000$sYBxkjW3lIgrX9S4$6766cb24b7ac010f1822cf16360b78e5621f4f0e324459c595ddbc4a7483394c","Joseph","Williams","3386","411 Craig Knoll
East Lauren, VA 97386"
"57","kennethwashington@gmail.com","pbkdf2:sha256:260000$HE0TAsDVq0Wh6gbc$9ae11582c1c4cabdee4d960ef1c3bf91325e958e030a421711030a2841f2e7bd","Jennifer","Marsh","5543","41694 Ashlee Lodge Suite 853
East Denise, DE 70663"
"58","hamiltonchristopher@gmail.com","pbkdf2:sha256:260000$eRZjPFicD2DoUSpI$c4e054f50b880f8523b29be186386d3089fd1f5f1690c5356b92f92fa05d3d5a","Anne","Michael","72787","535 Rowland Stravenue Suite 306
Richardtown, DE 41691"
"59","nsmith@hotmail.com","pbkdf2:sha256:260000$fh7pCEOBfZeLnAIA$c5f8610d009c4b95ea400071f73a84e6803c2d75ff05f40800331bd042dca74e","Joshua","Duke","37593","23312 Bob Points
New Marychester, SD 59471"
"60","jennaarnold@yahoo.com","pbkdf2:sha256:260000$w9PfAmGNJBb6RNJD$f5798368a692148e2c9c800611e095d9b969766b4da29fbd51c4a4a505a685ea","Susan","Turner","21573","5099 Rodriguez Square Apt. 267
Lisaview, TX 98607"
"61","scottzimmerman@hotmail.com","pbkdf2:sha256:260000$RkkqLYAnp4B0t34B$b4f4fccc7f3f58985177895011daa7c552b76a9b3539b064e05c9d615463e54b","Julie","Dominguez","77150","46894 Matthew Prairie
Josephbury, WA 68649"
"62","bonnie89@gmail.com","pbkdf2:sha256:260000$S6DmP47WBXUoM6ED$5b49cd78bcaa72e6ebc15c3369bb9b37ab87e2f98a5837379c50a69e10caa18a","Dwayne","Osborne","25206","1955 Robert Lake Suite 238
New Dennis, NY 15122"
"63","cindy30@gmail.com","pbkdf2:sha256:260000$Ojdp4xhS0UzDrSdf$7b546289929cf9f87f8997fb27c9baae311d4266703a3a46ad37d39cedbacdaa","Antonio","Thompson","89419","24075 Lin Pass Apt. 490
Dominguezview, MN 02536"
"64","qhenderson@gmail.com","pbkdf2:sha256:260000$vRigTOm5wAFckWmz$9610574ee8a461df700e4263e962ec321cb0c665a454411a6209f834baf1ca35","Yolanda","King","26323","64598 Jefferson Point Apt. 056
Nortonshire, IN 16140"
"65","nancyturner@hotmail.com","pbkdf2:sha256:260000$xCEyKKIF9EpFUbPR$8a8ce64bddeadd1f1aa80a3e1d34e167d2562a568318388b6f06c868ce9c6787","Richard","Woodward","75824","8379 Ashlee Port Apt. 461
North Markville, LA 13324"
"66","bradley51@hotmail.com","pbkdf2:sha256:260000$hWjwtH37hfOUI6ME$38cd1e2efe817d79b35b193cd312516d9e700b05aa37d3e8a6f8d2d1f6e0bc0b","Jeremy","Costa","25566","60980 Brian Road Suite 750
Rodriguezview, WA 06223"
"67","matthewpetersen@hotmail.com","pbkdf2:sha256:260000$HK62KbaKA6seDkAJ$df99c7784f6773cd0866665253902f172ecc28eee47cf7f8de41ff6dc8a37454","Robert","Dunn","43866","46977 Rivera Route
Port Caleb, ND 66244"
"68","uhill@hotmail.com","pbkdf2:sha256:260000$fILel73lPf2GVokx$c9f5244789d4befe55108034f5cea5381d22805fe8f79821052ed7e29c0e9dba","Tonya","Andersen","18551","473 Joseph River
East Dennis, VT 04136"
"69","lisa79@yahoo.com","pbkdf2:sha256:260000$T66zZNXRBhWE6IMN$d6098ed57de71e6c80ca10daf53c1a714c1c02971e3c570ce5acbd92bc3aa4c8","Stephen","Bernard","50430","2082 Russell Station Apt. 498
North Jerryshire, TN 99461"
"70","richardsonjerry@yahoo.com","pbkdf2:sha256:260000$wQMNxlzhN4TsE2ns$9f69f9f56a12fc569d26d160a2be33f1bc5100ceae5b7712dfaae0d35a65dc13","Amanda","Gonzalez","39355","2039 Wall Mission Suite 006
Piercetown, GA 89103"
"71","jmcmahon@gmail.com","pbkdf2:sha256:260000$Glt8gaRX65D64MGS$68186c33031e2f3d90196b5c6584ad2396f36874d99ff14ebfaf96a650196ac3","Jimmy","Walker","50498","4101 Savage Park
South Lorraine, VA 53629"
"72","wrightkaylee@hotmail.com","pbkdf2:sha256:260000$MsqbjFjdMGcMZs0p$bb65c1b5e90576783277f94871de669c4083530a171e917aa6c9da045bb99a75","Austin","Holland","49736","08987 Ramirez Avenue
Bellchester, UT 04795"
"73","danielbernard@gmail.com","pbkdf2:sha256:260000$SgRjzhT6hNSw1P4G$92b513d0af1a576ddb611311489f4193720f7615bd890594cd849e0f4bbff070","Molly","Fuller","25493","848 Eric Knoll
North Justinchester, KS 69953"
"74","wbrown@gmail.com","pbkdf2:sha256:260000$3wNqR1oSQDQxRglH$1ac86dca494de350e3705919054fd3b69a62fb5f5868299d0a1b5cfaf908c118","Doris","Kaiser","2330","16581 Gregory River
Port Angela, VT 66142"
"75","ofernandez@yahoo.com","pbkdf2:sha256:260000$Ib6zIBLlCaRpla6J$a5193afb7a6446cce959052d3565c505c3b95b2b158c6d40f483907fbb150ead","Tyler","Curtis","28533","57654 Ponce Meadow
South Erica, NH 18794"
"76","conradthomas@yahoo.com","pbkdf2:sha256:260000$XXRdrKjYkx4DTYM3$07999ecb3a14c3b7ca2580d591ee83c1138f1c5c41342bbd81dd4f37019549e5","Angela","Tucker","77904","62799 Armstrong Avenue Apt. 932
South Tonya, ID 01948"
"77","savannahsoto@hotmail.com","pbkdf2:sha256:260000$kWj52yJ2A0mUFzgP$eb69f981f8716e8cac7411a5187b2fa9da7a6dcfcf159c9304017eb5a8d3e189","Robert","Gould","54822","5565 Powers Avenue Apt. 753
West Alexanderchester, OR 56221"
"78","debra49@yahoo.com","pbkdf2:sha256:260000$pvO7r2cq5GVLvsjU$44595eeb5f67dae81e44bdd7ab0881d10d13804e7cfe5fc41ae51dc70446521b","Cody","Morris","85063","46670 Orozco Walks Suite 505
Diazmouth, CA 12755"
"79","edward63@gmail.com","pbkdf2:sha256:260000$VbVRvnowUfgiXC4D$267b68ff3eeeee101c5ce04faa942eefd30cc946033d5e8d2fb64bd5aa584715","Valerie","Jacobs","14571","2337 Tina Trafficway
Lisaborough, OK 94452"
"80","deborah77@gmail.com","pbkdf2:sha256:260000$AceutItGko8SkJu2$947d92a0764f9d951f43e727f36fdfb4d31f766f35e431566340cefa150125b4","Deanna","Holt","60308","189 Johnson Flats Suite 066
North Tiffany, MA 54902"
"81","opoole@hotmail.com","pbkdf2:sha256:260000$Z1bNn72NlzpOvQXL$7200b1acd74de709b1a662a8f481ed3ffd05b51780d6fe50bd67e0332158c3ac","Larry","Palmer","36868","58718 Camacho Cove Suite 092
Elizabethburgh, NJ 29866"
"82","dwells@hotmail.com","pbkdf2:sha256:260000$1Bv5AO5gtx9wSs0L$46f905a4183ea1e61e2a153061b0a64ca5c98cea9f284a0560d4ad0264eb3d8e","Kristina","Higgins","78495","824 Roberson Port Apt. 542
Martinborough, DC 98148"
"83","qstephenson@hotmail.com","pbkdf2:sha256:260000$l9wZ2dxpLZgvSTw9$b2d6526b09ac2c05ec6c73c24e08d869d0f91aa3932123ebefd92c004b27c93b","Shawn","Matthews","82996","46432 Gina Route
West Johnny, CT 19932"
"84","jeffreysmith@gmail.com","pbkdf2:sha256:260000$Hc6h1l8frBAFYyY9$3007af125a0418f26d149ceda5cdbca3f67b8df010acbf23c31e200bfa73379f","Samantha","Parrish","18322","USCGC Blackburn
FPO AA 75632"
"85","marydaniel@yahoo.com","pbkdf2:sha256:260000$rKBYbEIQzmWGasN2$e9b6428fe2d0563b96ed286c2650eb1790e0ce66d24ea9d6917cd7e3fe0eb846","Tonya","Jacobs","38951","Unit 6430 Box 0927
DPO AP 20036"
"86","jerrybrooks@hotmail.com","pbkdf2:sha256:260000$2DqReHRUwNYQBx37$5ac830aef49b1d087299b85a6b15173b99fa5500c6182c55d369c046362d1ba8","John","Beck","68911","304 Paul Mall
Douglasfurt, DC 54863"
"87","mcbridemary@gmail.com","pbkdf2:sha256:260000$jAZcRCVsxGWVrvtz$14fab4d359fa9e3e3eb1027aa5bb0805e59720f7228e979e2d376d338d4fff61","Laurie","Underwood","24529","229 Case Shoal Suite 948
Lake Jennifer, TX 47367"
"88","ycolon@yahoo.com","pbkdf2:sha256:260000$nyY0JoLEWlzO5SHL$2583f17ac17d908fec3913e9838cbe71ca8d7fc15bcbfc054b464f6ecde1089a","Linda","Orozco","44033","Unit 4616 Box 6533
DPO AE 79485"
"89","michael74@yahoo.com","pbkdf2:sha256:260000$K3kdUEZ6fpcYXYhK$99cca756229e5640d0031b4884231e6384ca3d8af3c7c4c28d8cb7d74731a4bb","Kimberly","Park","54525","1123 Ferguson Circle Suite 287
North John, PA 04644"
"90","dillonwest@yahoo.com","pbkdf2:sha256:260000$2XXHekhdSMaAyHmO$aa1c6e94a71e8248c563f6d51974832b4090b5d96541f20b9657e6ae7dcaaef3","Cynthia","Lyons","29268","9204 Ware Rapid
Lake Zachary, OH 28651"
"91","sarabender@hotmail.com","pbkdf2:sha256:260000$ENCPvR9lREVpmUBN$bb93ad17cc4c853b1f7ead8f6bc8dce33d1cb2ab1415d0181a99299f56a2c540","Daniel","Hall","68720","USNS Cisneros
FPO AP 07096"
"92","jeremy83@hotmail.com","pbkdf2:sha256:260000$lwZDFSijQk5pQqx7$ea2801920416372c374610bf49c51fdd7deab0bbbd18732d7c80eec66ee179ff","Spencer","Duncan","97652","1604 Perry Island Suite 400
Cortezville, AZ 28041"
"93","jonathan73@yahoo.com","pbkdf2:sha256:260000$3wp6wpu7kgAmrheZ$7ad65aa59ca9810946863108aec5eb365e493d3b9225eec162c44812371e4127","Cheryl","Acosta","97829","9928 Leach Cove Apt. 182
Mooreton, IL 16060"
"94","alexandramitchell@gmail.com","pbkdf2:sha256:260000$wzLDA47p9cPu4o0F$5dd49055b34e8c3c38cb281a5337568243110ca1ef170f127de1f65ba86a0118","Matthew","DDS","53576","2898 Scott Shoal
West Ryanchester, AL 65745"
"95","mathew17@hotmail.com","pbkdf2:sha256:260000$prk6Bp3Gw9Far1id$e66d78dbbc3462d390101cdb3d1358f3a4b61151214b6c5ada3aaea64f166aed","Angela","Peterson","10240","134 Garrett Curve
Sarahview, AL 31826"
"96","pgriffin@yahoo.com","pbkdf2:sha256:260000$bsXXKHCzCq7albxg$f5f3b47425410f0b6801860fd695f5ef2126fbef3fe11d0c4f3102e609471cea","Adrienne","Friedman","13309","09420 Ramos Walks Apt. 671
South Emilychester, KY 17264"
"97","kennethwilliams@gmail.com","pbkdf2:sha256:260000$kT6bfwFwyfwqcEG4$b29b687f47958b9837d9b205d23c362ec3b75adf90c67a75b7012f41e1cdbd4e","Donald","Thompson","836","145 Roberts Common Suite 347
East Lindseyville, MA 56035"
"98","shawnharris@gmail.com","pbkdf2:sha256:260000$MekYV38wyz3v3Bnk$ccca1692d83582a230921d339e28adc7c2e89bbffcce7b3dc51bbd3705352bc6","Bryan","Scott","21757","03107 Kristopher Parkways
Jenniferchester, WI 32030"
"99","danieltucker@hotmail.com","pbkdf2:sha256:260000$Sbxj2nh4VoWz5PoT$ee204fe11676bd1310acdc96d7f93e21a8366a7acdd701a5c63faf05e7f90cb8","Jessica","Miller","75362","99513 Thomas Port Apt. 838
Hutchinsonmouth, MN 33266"
"100","tamaramorrison@hotmail.com","pbkdf2:sha256:260000$g1vOLJruKjznutZP$6118ca23cb454bc2885e1ff503b6e365ec6b866cfb144aa77ec3a9590ca7e004","Gary","Cross","97607","711 Golden Overpass
West Andreaville, MA 71317"
