"Serious inside","1294","46","2","Whole magazine truth","Whose group through despite cause cause believe son would mouth relate own chair","1991-07-13 12:42:03"
"Show","1289","63","4","Together range","Nice government first policy daughter need kind miss artist truth trouble behavior style report size personal","2002-07-23 13:45:09"
"Management test","252","39","3","Room region as","Develop sound central myself before year themselves your majority feeling fact by four two data son natural explain","1992-07-17 01:47:31"
"Pick","1378","33","1","First drug contain start","Party prevent live bed serious theory type successful","1995-01-17 15:47:59"
"Raise study","535","2","5","Every speech support time operation","Often late produce you true soldier bank party main picture suddenly drug rule bring determine","1980-01-09 10:48:33"
"Go","1845","86","3","Staff beyond chair recently","Stage plant view own available buy country store build","2018-10-04 12:19:35"
"Hospital","1880","60","5","Already against","Responsibility look road article quickly name per structure attorney author feeling","1978-02-24 01:01:16"
"Congress mean","1004","65","1","Others record","Current grow rule stuff truth college pull whom around put suddenly garden economy others kind","1990-12-26 14:54:17"
"Add","1768","48","5","Race tonight themselves true","Home price check real leader bad school name care several loss particular pull opportunity","1991-04-02 19:13:03"
"Car financial","265","20","4","Stock ball organization recognize","Dream PM her then nothing increase I reduce industry product another","2011-01-31 23:35:05"
"Ask reduce","1689","62","1","Month maintain no sense","Manager fine level speak themselves speech could yourself","1996-06-22 08:04:15"
"Third","186","26","3","Would I question","About add senior woman put partner couple part cup few read consider little type","1997-02-21 21:57:31"
"Ball ever","1158","77","2","Son break either president","Boy child surface amount day employee fire happen nothing support suffer which parent manager","1982-05-18 01:45:15"
"Policy head","386","20","4","Condition heart fact catch even","Smile responsibility full per among clearly word face house nature fall long dream answer","1992-12-30 11:40:48"
"Tough","327","11","1","Rock few structure federal board","Training listen subject wish gas look record interview few same thus turn phone heart window police assume be","2000-02-11 13:30:03"
"Ask","758","3","5","Account hour million large","Small research describe base detail yourself one coach court boy state table agree moment sell cut market","1985-03-12 10:24:48"
"Despite","1529","69","3","Young something","Chair cup her national character writer work chance image quite there many true follow marriage material prove dark particular","1974-08-24 17:49:28"
"Act","1385","69","2","Relationship section five focus","Chance either six success on responsibility southern at be than always different American address such former claim","2000-12-14 15:19:29"
"Trouble","78","1","5","Why measure too maybe","Before some military outside baby interview senior face top individual win suddenly win parent do ten after those","2003-11-04 01:54:55"
"Five","1597","20","1","Now four management energy","Significant his himself clearly very dream role free walk loss cell three own","1975-07-12 11:56:01"
"Report","1058","53","2","Special good along","Hit another likely character allow pay picture black near get himself simply make thing particular level","1995-02-18 01:00:48"
"Value practice","124","81","3","Fast support when hold family","Million size country site know series lay smile away and","1972-11-13 08:38:52"
"Mention","424","5","2","Too war project","Then director simply those physical maybe model medical watch certainly through instead base bit as indeed choose west","2010-11-08 22:28:21"
"Issue indicate","1675","19","2","Try while reveal bad","Building reality generation concern store discover hand others century","1980-10-20 07:01:00"
"Democratic","634","38","1","Security fall ready","Do center law live religious election agreement decade friend which fast there network force or ball mouth film heavy","2009-02-28 05:02:37"
"Young","882","37","3","Source firm drug","Fact information animal car after back available inside nearly scientist central","1980-10-21 15:32:43"
"Fear great","351","98","4","Know hard we","Heavy across while top kid he weight before control","1986-05-06 18:19:08"
"Factor","1881","37","1","Newspaper read","Up control instead company where future model green place beat sense far store last left despite","1980-10-21 15:32:43"
"Specific","1672","91","2","Feeling participant interest seem begin","Set discussion seven evidence worker building this American either moment ok how bill education exist sense training","2008-05-01 02:11:17"
"Be audience","1179","29","5","Figure future morning","Three seven attention team executive care mission decision black western myself scientist","1991-08-28 23:43:57"
"Final","1122","69","2","Head pick church recent","Husband life nice federal place score design major maybe manage when know central many thought","2013-06-22 03:42:16"
"Agree","874","99","1","Likely thousand act money","Rather bank we under house guess break about establish","1992-04-11 03:42:15"
"Short","1864","6","2","Cell of course","Leave form collection instead today itself language remember model can travel know smile home southern hope","2004-07-20 18:57:32"
"Stuff","928","13","2","Keep daughter report","Almost plan that hair sea quality do father beautiful than seem sign third in approach","1995-01-31 03:40:52"
"Program possible","1666","5","3","Upon value ok majority region","Front amount apply glass face according as into develop part newspaper determine","2001-07-07 04:20:50"
"Group","1680","47","4","Bill third some follow lay","Eight miss couple bag thank generation study economy rock feeling might his lot the","1972-02-23 20:23:07"
"Another","766","14","4","Various authority leave","Answer speak without leave brother bank better she increase try key baby interview senior stop always","1979-04-24 08:01:24"
"Enjoy","164","49","4","Detail subject everything goal","Blue tonight particular smile represent since method left plant evening admit past Republican common increase design","2009-12-22 11:14:15"
"Site","80","64","5","Middle teacher business population brother","Grow push region produce develop story drive million push do pick expert commercial special network foreign one agent","1992-05-26 00:55:23"
"Under","104","97","3","Choice computer yard career","Sit simple notice receive degree run staff service government opportunity pick too","1986-11-07 09:33:48"
"Power","1092","42","3","Money grow","Final when new clear these speak say national region bad case I course first factor want","1989-10-04 18:04:22"
"American","342","80","3","Risk which gas kid","Employee public figure ground much run character against physical agency and difficult","2005-05-20 05:27:45"
"At artist","1891","18","3","Career two large center","Computer forget would section him important enough most save rather leg among TV","2007-04-18 18:47:29"
"West commercial","630","91","3","Catch than method run","Bag down stock computer watch what to sea stuff no","1991-09-21 06:50:01"
"Late","1529","9","1","Billion pick report past always","South run agree usually already bed fall character door green save identify establish manage","2020-08-15 17:33:29"
"Address morning","1982","73","1","Nearly with significant","Need various although house build get anything event yet effect quite reflect upon yet seven several might history","2016-05-22 17:30:04"
"Detail","1608","51","3","Not forget","Only result race government trouble tonight former section across staff north weight","1972-09-18 03:03:06"
"Fact fall","1004","1","4","Situation over would a","Notice kind game act return travel professional production election partner","2010-07-18 03:22:22"
"Often","1767","33","1","Everything store morning as","Often walk place myself his itself find add sing standard exactly","2002-02-10 14:11:41"
"Note","252","21","3","Never wrong couple site social","Seek choice produce type none guess we no","2020-10-16 23:39:41"
"Pm sometimes","597","11","4","Tonight gun word","Quite piece physical market room eat through ever war unit back","2009-04-08 13:05:51"
"Door research","1996","48","4","Time special beyond could key","Up play wait education think similar particular before air","2004-03-31 06:13:23"
"Sound","1302","47","4","Dark huge itself","Pull recent state old great notice north everything state huge TV career bank ten guess attorney response provide likely","1973-12-15 17:37:17"
"Up suddenly","370","56","1","Fire town","Image central challenge term memory clear throughout treat relate respond rich role mind","2014-08-22 23:50:24"
"Reality recently","781","7","5","Wear general one bar","Company enter son foreign remember site military lead travel series large check plan computer mention time firm water","1980-07-03 15:43:18"
"Raise","1886","53","5","Particularly speech mission remember","Live new myself star gas spend bag into good later","1999-10-06 08:21:24"
"Mention would","676","97","4","Carry understand consumer","Affect though cover including artist find hope appear should represent","2003-08-22 05:16:10"
"Truth unit","501","9","5","Approach great top series","None sound include air sort couple hold group but go computer pattern president","2012-10-01 01:08:24"
"Future","474","57","4","So second reason live","Movie I situation understand agree middle student bag grow","2001-02-28 07:14:58"
"Market","1843","27","4","Child might","Where a front war receive civil single city quite wall various foreign agency","2012-11-02 23:34:25"
"Question analysis","1330","48","1","Player forget whom","Difficult there leg theory case north add us accept hope soon yourself affect station","1972-11-19 07:33:39"
"About another","1283","39","3","Of challenge","Purpose here ago job trial four easy case member mouth authority","2000-07-30 07:48:58"
"Not go","762","73","3","It job","High trouble drive loss turn attorney education every money my page single theory everybody particularly test","1984-11-16 05:25:52"
"Who blood","740","73","2","Certain hotel","Room with item bit leave left college listen city truth ten seven both happy central","1984-11-16 05:25:52"
"She picture","1362","57","3","Cultural whatever","Rich foot herself among necessary alone improve heart decade care book","2015-06-02 22:07:36"
"Close issue","932","43","3","Less politics religious back","Nation network college debate direction moment standard ground think save respond friend budget while take","2006-10-16 22:57:30"
"Significant energy","1598","4","5","Garden maybe forward","Treatment worker season figure they yeah get we memory who","2020-04-02 10:13:04"
"Spend raise","1359","1","3","Challenge on plant","Blood single recently other owner message entire rule collection be along break gun reveal five put hard","2003-11-04 01:54:55"
"Reflect","246","68","3","Speech director city necessary","Sister meet though ago poor coach year important produce","1980-10-15 20:33:31"
"Remain if","554","68","2","Onto try","Those north trouble upon beautiful open free medical lay lose big","1980-10-15 20:33:31"
"Make population","460","96","1","Enter discover hair few","Story century attention attention hotel well news enter director book cell speech catch ten statement carry next according television","1987-08-17 20:05:32"
"Record own","564","45","1","Use nice","Their rate drop marriage worker ever across great western unit begin fight institution school","2007-12-21 07:25:06"
"Team certainly","940","43","1","Very score loss","Executive partner story budget great than director remember place grow everyone win should research","2022-01-20 17:16:55"
"Trial","1451","6","5","Look fact","Child usually sea upon full director race wish let left very your stock determine human find","2002-05-29 02:25:05"
"Forward","607","3","5","Range begin first through dinner","Worker offer American behavior customer force both something hair do analysis him above bring painting various","1983-10-30 09:28:11"
"Beat","807","95","5","Culture ability to suffer","Mr unit dinner indeed listen a decision wish among","1972-12-05 07:23:28"
"Air","634","13","2","Girl happen front law care","Begin war resource evening realize per probably her of process cut meet build black treat buy throw","1995-01-31 03:40:52"
"Condition natural","1112","18","4","Indicate help north","Star tell law go simple improve language thousand need when simple difference drop local","2016-10-20 23:36:05"
"Drive","1550","63","1","Exist president outside upon","Range could usually piece but arrive garden free perform civil tonight hope could many cold another way","1986-09-26 18:23:15"
"Thought radio","749","49","2","Could foreign mind myself surface","Its plant pay together number degree kid drug toward such new cultural analysis care kitchen purpose difference range","1996-06-06 08:36:54"
"International position","881","5","3","Those full rate","Head successful response hospital wrong fish yeah attack detail box choose","2010-11-08 22:28:21"
"Week remain","1575","92","3","Throughout region again","Because include now so must plant whether protect most trade final name","1971-01-26 21:03:42"
"Bar","1657","53","5","Wide manage address information serious","Base age speak pass tend onto when happen letter body language there wonder","2016-09-21 04:24:24"
"Himself medical","327","57","4","Direction opportunity very analysis","Phone nor as year look floor role agency its professor while seven those budget","2001-02-28 07:14:58"
"Easy picture","1268","80","5","His gas health","Seat my arrive middle add traditional standard PM election case yet","2003-11-20 08:14:18"
"Positive","482","59","2","Individual so attack now minute","Campaign alone subject development best student describe concern professional discover cut recognize keep citizen result thus wind natural","1973-04-15 00:40:36"
"Direction","1632","35","1","Stock worker everybody professor","Bar standard final relationship wear along particularly factor","1997-09-23 21:23:36"
"Compare","672","10","5","Without mention get","Become me story but order leg food fast pick purpose expert age account suffer away wish","1975-05-30 22:38:41"
"First natural","147","14","5","Any remain support","Cause others skill industry old effect fine speak majority large but hear minute discuss space himself draw","2019-02-01 22:19:58"
"Billion","1542","77","5","Tough whether address","Moment buy east example identify likely view around remember take ground eat determine feeling","1982-05-18 01:45:15"
"Cultural","320","37","3","Work name Congress ten return","During nice thing ok collection easy would federal test some score","1980-10-21 15:32:43"
"So suggest","1750","58","4","Include herself","Defense mouth manage camera beat activity stay bank which worker second late every include generation","1992-10-30 01:54:00"
"Election baby","902","64","1","Only scientist teach","Memory attack land late sing seven care phone meeting","2001-08-07 16:40:52"
"Piece","146","26","3","Goal group stop","Maybe read card look safe street current however list key little fast speak","1997-02-21 21:57:31"
"Give point","1247","53","2","How husband time fear","Successful country describe method meeting space military tonight sing media step live game item lay practice appear role","2017-08-29 13:51:08"
"Low","691","60","5","Adult others","Without wall stay describe time peace trade product participant environment purpose prevent","2007-11-12 19:25:29"
"Political","98","66","4","Story financial state","Statement scene teach because it boy agent common order evening scene that himself floor somebody","2012-08-11 10:25:34"
"Probably particularly","237","65","2","Imagine physical treat dinner","Approach today all positive us maybe information forward","1973-08-14 03:49:55"
"Unit people","874","83","3","Fund catch","Magazine loss tree especially position learn senior today mention next identify language provide","1998-06-17 19:28:55"
"Type short","439","10","1","Once born","Section lot rather beyond share energy size play meeting movie avoid","2001-06-09 20:30:05"
