"Nearly","6","17","3","Identify act organization term focus","Somebody collection improve reflect within concern discuss though rock do type support ready some benefit","2014-03-16 05:35:21"
"Ok want","11","73","5","Few under class send always","He development hope offer seven mission brother agree unit free election some these","1981-02-14 18:54:46"
"Between","22","25","2","Wonder successful group program","Argue last fish hold college peace black unit data name beautiful","2004-06-17 13:16:19"
"Receive","21","68","4","Upon single half create because","Develop above phone clear avoid right see thing","2006-09-17 05:42:46"
"Still language","18","79","2","Take real choice both","How environment like us identify change always operation million hope environment car","1980-02-26 07:01:23"
"Power","7","61","4","Grow agency unit marriage","General reduce building cold piece of position miss run first middle the matter business front talk look","2003-05-21 00:41:59"
"Follow firm","15","50","4","Security stage resource street into","Here professional site above evening work heart choice town call increase similar cause truth field center","2008-03-07 14:58:07"
"Partner","9","87","2","Picture go","Despite involve effect set staff hundred that option out religious population true card","1979-08-10 06:20:59"
"Place list","0","52","4","Meeting health ask process","Traditional partner identify position sea size part wish indicate soldier address green age down think remember education discuss","1979-01-27 17:17:32"
"Rather space","9","53","2","Against for stuff safe kid","Serve almost teacher moment hundred significant way foot law government former as new town address","2015-03-02 04:54:41"
"Leave lead","15","43","5","Up reflect final form garden","Much machine child professional red spring physical property source read college travel table push look study","2005-10-02 19:47:05"
"Box","3","11","1","Number four role specific","Mind call item measure might ready responsibility day teach technology wonder under","1984-03-19 12:00:30"
"Structure western","4","86","5","Catch street write","Character even none various hot herself area country final note since","2003-03-16 14:13:51"
"Enough","6","91","3","Above while say tree","Party address during cause happen behind interview capital","1975-05-17 20:08:19"
"Case","19","51","1","Air investment sell well","Bad add executive identify not product only example become special","2013-02-01 10:30:33"
"Deep career","12","47","5","Indeed level open nearly","Thank lawyer citizen article even anyone indeed car know next","2019-04-12 02:35:21"
"Clearly","15","96","1","Once way here thing","Natural price effect painting clear election occur behind speak boy candidate hot but leader inside team the control shake","1998-10-06 16:38:45"
"Size when","22","1","5","Strategy red next","Chance few activity site energy kid computer worry radio model college","2003-12-27 07:01:04"
"Figure","5","74","1","Short agency once","Last change country suffer player oil knowledge compare simple hit beautiful number figure great what energy paper radio","2016-03-22 11:59:03"
"Day","0","25","4","Three former tell court","Return I manager party anyone save end manage while yard","1980-12-22 20:30:46"
"Between base","5","67","1","Level discuss long any pressure","Pick glass what seek turn course under better second","2006-02-24 02:19:57"
"Court matter","7","29","4","Government get how","Piece part listen see peace boy agreement determine modern article","2000-06-02 10:06:32"
"Away factor","22","3","3","These her worker tree","Long pattern first seat ready positive sure exactly someone theory ask chance set","1979-11-28 09:16:51"
"Represent bad","11","86","4","Green become same place machine","Same pull mean crime no ask walk war behavior up source relate new nice subject","2021-05-05 12:40:42"
"Peace","7","97","1","Same something reduce","Agree indeed foreign issue performance second morning be my great suffer marriage someone","2005-07-19 08:38:20"
"Skin","3","3","3","Radio race","Case perhaps career blue onto skill argue drug","2012-06-14 15:31:25"
"Him","9","27","1","Prove behind million politics","Since high soldier young service beat lot future save choose fund side play military","2020-12-12 00:36:03"
"Expect","4","58","4","Together describe daughter approach","New program ok us until its common science remain season crime","1982-08-31 18:49:08"
"Decide","24","15","1","Benefit the after","Tell attorney down design kid health capital about response worry sell such can whatever quite thought fight rest","1977-05-06 10:08:51"
"Clearly","11","1","3","Single into environmental miss them","Should win face when clearly back full response avoid evening just among","1982-01-07 02:00:13"
"Discuss","23","23","1","Throw government painting effort","Student seek enjoy else magazine case morning his career great available word spend early","2017-08-07 14:40:17"
"Finally","10","44","1","Why center force heavy","Size but success protect month military why unit or whatever late forget","2009-08-22 20:32:35"
"Environment reduce","5","45","4","Finish position follow cell","Medical group however responsibility them seek again prove foreign though various meet suddenly back senior rule benefit size","1994-02-09 19:23:59"
"Discuss prove","21","81","3","Possible price nor their","Country animal avoid small exactly allow budget yeah parent note Democrat father theory skill but","2004-05-17 19:55:34"
"System hospital","13","76","5","You with event","Pull wonder often crime whole however evidence tell tend trial eye everything become visit source future charge finish","2005-09-26 23:00:18"
"Fact do","5","71","5","Adult young matter","Value compare business bill away among fly break short","1991-10-17 03:22:41"
"Pass","0","87","4","Need power section industry","Glass while worry occur after moment professional break soon yard yard discover stand","2018-06-17 02:15:41"
"Buy","7","68","2","Democratic listen","They around send ask carry coach herself see word age speech six involve word practice already information","2003-04-19 23:12:04"
"Should than","17","83","3","Official beautiful ball","Politics question animal small white under history fear two identify question system back","1992-11-12 11:17:27"
"Little","14","1","1","Group play finally entire soon","Difference beat new picture control forward yard firm charge address receive week project then yeah design such","1984-07-17 21:16:52"
"Provide","19","61","5","Interesting world sing","Believe beyond production side fine trade opportunity goal enter name draw mind current","1981-11-15 17:44:45"
"Red husband","17","73","5","Husband organization","Debate despite official beautiful help reason nice state a","2013-01-09 02:18:34"
"I","0","7","4","Thing hour fire","Sea list a specific enough possible beyond administration appear","2009-04-22 05:55:04"
"Part ability","2","4","1","Teacher husband skin","Too section candidate player form than increase magazine fast certain such behavior soldier sound thank particularly trip west trade","2012-11-30 01:04:04"
"Since","17","43","3","Second word necessary suggest","Probably skill consumer front natural scientist film sell can success","1971-10-16 13:55:28"
"Seven not","7","16","5","Since summer","Check hair page response executive road party result able cultural style drive","1974-04-03 03:12:18"
"Get whose","13","24","4","Study catch its mention Mr","Open former this number environment summer million subject have increase these message resource hour rule company","1977-09-03 10:45:34"
"Scene perform","24","66","2","Mrs especially father","Speech they blood it still across community goal future shake just stay interest I spend","1988-07-12 00:11:54"
"Crime street","16","13","3","Turn age save statement local","Imagine nearly mouth law yes oil environment something","1986-02-27 20:29:28"
"Go enter","3","62","4","Throughout clearly thus staff","Media some thing discussion particular type big question wait effort","1992-03-24 09:44:41"
