"0","test@duke.edu","pbkdf2:sha256:260000$4YA4QbFiU4bUR3Sd$8359793fc32c86823810282087fc80dbf2779d8edb7b80648fa68a985daa2edc","test","test","100","Durham NC","True"
"1","tamaramorrison@hotmail.com","pbkdf2:sha256:260000$qRecggOzW6albLh0$6ef252aecc44b8feb2e18c60e22b72375beb1aa338671445ca3d55f22e1050cd","Gary","Cross","75073","711 Golden Overpass
West Andreaville, MA 71317","False"
"2","martha10@hotmail.com","pbkdf2:sha256:260000$E1rBnx42l9VWfpvP$a3101d48303f867fb335f375a0d2467b989edc49b3a89b0de71333ca550b9235","Denise","Thornton","43394","30989 Anthony Roads
New Maria, MO 12498","False"
"3","deborah64@gmail.com","pbkdf2:sha256:260000$yohDsRgllfpvi8e4$74ce850a3b9e30c2d75d03dcb7db02b8f529a3691b1175665c1a25a4427b52df","Jeanne","Green","22059","22584 Candice Mills
North Thomas, OK 67164","False"
"4","franklinjames@yahoo.com","pbkdf2:sha256:260000$lMVmcY8aXAu3MA2W$43c1350ff2ff7325ddee17221203f7c1a40ccbddb7b9b4c3babcb2bddc7b5989","John","Hoffman","20737","63812 Richard Springs Suite 503
Lake Karenhaven, CT 25464","False"
"5","samanthasims@yahoo.com","pbkdf2:sha256:260000$dKib50MsBPvAVJjt$f6c4999f13826c7acb90411150b66d639d27acaa95b8fb9a313ecbd6e900d0a2","Timothy","Parker","32150","87755 Timothy Squares
Simmonsport, WA 90561","False"
"6","taguilar@hotmail.com","pbkdf2:sha256:260000$e8yCzkwxZSb5veLT$5678de0a03a3517962daa1019690ec84d420c20a6513772521b3c63c9ca1f007","Linda","Freeman","4917","577 Amy Forges Apt. 555
New Eddieview, WY 20935","False"
"7","georgedavid@yahoo.com","pbkdf2:sha256:260000$gfXrgr89mnuqy1NV$a94462b6c3bb1653ba56baf6b475702eb9e7e08e5a73484b1524cb0e14891c23","Sandra","Brown","98381","256 Cheryl Lights
Williamsfort, FL 03152","False"
"8","chad50@yahoo.com","pbkdf2:sha256:260000$2tkHwIoSo3ei2kvT$66f1967f2333a903f30c7928a223bb844ee591e78e6b0e0ddfa6ad1e87124c48","Paula","Wilkerson","52285","16116 Jessica Burgs Suite 660
Calhounmouth, KS 10795","False"
"9","jyang@hotmail.com","pbkdf2:sha256:260000$S66Bk7X8RbtbHnS3$56651384fa71a7706c922b486aeaff1462051425fc823a0de6e45a53d1918193","Willie","Garcia","71271","332 Watson Shore Apt. 290
Millerland, MT 39742","False"
"10","bramirez@gmail.com","pbkdf2:sha256:260000$98PysLN0poOLJXLa$60b3adfe5ed377f556d461bd75b909744ba59bfb0f0ed46bedbf03479a0af774","Michael","Montgomery","62097","Unit 4892 Box 6717
DPO AE 71770","False"
"11","kellypeter@gmail.com","pbkdf2:sha256:260000$SLt1KfeISS1fDmo6$fc77052eaf2e05e7815c9b1695092b5529caebdc41537883cc4bcbb13ad6cba5","Melissa","James","79824","637 Neal Island Suite 074
Lake Tyler, RI 28775","False"
"12","tarasanders@gmail.com","pbkdf2:sha256:260000$sHGjd8vV6rKe2EUM$20e8a5e669c0970b99bbb05a3ef37b9dafb7cdaca9155d5091b41407064876f2","Lisa","Bush","80977","774 Lewis Grove Apt. 002
Adamtown, CA 56566","False"
"13","virginia18@yahoo.com","pbkdf2:sha256:260000$gHJbQeMX5LK9jmSh$bde8c7b80e95ee501075c3cd7ae9c2ce458543805754f76d41e53aad7a019ced","Bruce","Miller","47878","9168 Williams Falls
South Jeffrey, KY 46651","False"
"14","jensenanthony@hotmail.com","pbkdf2:sha256:260000$sInmZTFdBylkXykg$a5845db2f7e5f2adf3dedccff993e0b4baf1fd8120afa8a94ab64586129b0ab1","Mark","Burnett","79615","37933 Lisa Trace
Gomezshire, SC 65835","False"
"15","kmalone@gmail.com","pbkdf2:sha256:260000$9DRheG7YXtlV247y$10b5732e00d6b94793cc910c273eb85bb02002b0933949531bcc0e353b17e513","Courtney","Valdez","3218","76254 Debra Stream
Reyeschester, KS 70454","False"
"16","kingerin@hotmail.com","pbkdf2:sha256:260000$ol7Rz4z3wgpdVX9x$b765a198baed5b6891e984a8ec7416bfddb5627d3eea6dc017d158eda85ac7cf","Henry","Moss","82047","48487 Kendra Ports Suite 076
South Michaelton, KY 97488","False"
"17","meganbrady@gmail.com","pbkdf2:sha256:260000$g4uphkX48kISu4mk$f21ce91598f792c7c1fd21ca21e8b8a97fc47cbec17be64f2bea0b47a3d2adb4","Amy","Fowler","7511","4440 Osborne Viaduct Suite 488
Veronicaborough, WY 57084","False"
"18","kgomez@gmail.com","pbkdf2:sha256:260000$ruZw19XLsfjimCA7$76b224c29003914aeacf98e7e663a973b897182316cd5b13b598c77bc5d79bac","Tammy","Reilly","71082","514 Travis Track Suite 366
Rowefurt, AZ 76875","False"
"19","thomaspeters@hotmail.com","pbkdf2:sha256:260000$KDp8c1PtzH2ddZtI$00ebb324073296540892c846635cf9d0162d06a1150aeb3042ddeccf8b53c4f5","Robin","Harris","6376","78209 Darlene Bypass Suite 137
Port Stephen, VT 44235","False"
"20","susan06@yahoo.com","pbkdf2:sha256:260000$nopgmL8kEDqXBduD$1301410a1ac47c3afb7dbeae53afcc32380f780036fc6d97ca0caed7cce2330c","Jared","Vaughn","93420","1086 Johnson Path Apt. 155
South Tammyberg, NC 82490","False"
"21","william86@gmail.com","pbkdf2:sha256:260000$Z056SzSNI8T4umOR$9bd31f1a08b8ae239833d69fec8bc8b6d9ae9e09a2c7f3b1ce4d51dd50d4a506","Lauren","Mcdaniel","37667","01992 Emily Light
South Samuelmouth, IA 18566","False"
"22","michaelanderson@hotmail.com","pbkdf2:sha256:260000$GyD9i9fJzH0DTMix$1e6c3d8571d17959f717ecbed59ae0bfb82ab3327be9224069f41e97d2aad86c","Brian","Richardson","69477","42954 Walters Highway
Johnsonchester, MS 95905","False"
"23","deleonwilliam@gmail.com","pbkdf2:sha256:260000$D3z58blyZeSI2Lcl$6d58f7ea759d4937cb35f068e7958eab5e560f2a163e3518a191886563aca554","Maria","Harris","5325","01575 Erica Land
Elizabethbury, OH 72804","False"
"24","joshua07@yahoo.com","pbkdf2:sha256:260000$ZfV8iYwSjKBPucWh$bc76d295f66cd726a378ac3b403f93f3944adc7aadc3bb027188122c2fd75f1d","Heather","Davis","93174","68971 Hansen Well
Moniquetown, IN 65740","False"
"25","leonardsutton@gmail.com","pbkdf2:sha256:260000$BnIA6JvIXYh0R6FT$f9eca0ccc7fdac90b37df5d0e36c60449cea277d4e60ab0872437803dde64742","Patrick","Spears","76138","Unit 7879 Box 9368
DPO AA 64290","False"
"26","hromero@hotmail.com","pbkdf2:sha256:260000$LrNIhdeDzKGbkldv$e96f6d6711225fef71f32df56f8e5a6ced565a19efc6148109368940f12f192c","Debra","Aguilar","10733","1140 Christine Shoals
South Jamie, MD 26932","False"
"27","angela30@gmail.com","pbkdf2:sha256:260000$paeNHvKpjm36A9kZ$e2863841a38c2e8c7de9a7e88820be8e80f2b6f8e91112363be11c1eff451efd","Cody","Crawford","17637","835 April Plains Suite 297
New Scott, NM 79664","False"
"28","ygraham@hotmail.com","pbkdf2:sha256:260000$dPWowe4h9xq5WFy6$de9f93eb4354154d42bddf40e480dab73e4c0e8916a688272f2a7003688d8b3b","Cynthia","Faulkner","39094","1974 Patrick Summit Suite 394
North Ericshire, NM 08797","False"
"29","millerlori@yahoo.com","pbkdf2:sha256:260000$QgmlZkPv0lyCjHeE$9c2f93ecd1f13bb0efd501af3c6462ba54f0a8409ac6d1cbabd2b903eab33d4c","Kelly","Casey","1463","3975 Joseph Keys
East Steven, DC 36784","False"
"30","pmartinez@yahoo.com","pbkdf2:sha256:260000$gNy0X4fYaAIeSv7b$518f5c3bd70a2f9b03af930cb86c0ac1d7764e93ce88b4e83317dfce87e2f969","Thomas","Patel","52971","76031 Garcia Falls
South Alexis, MN 69377","False"
"31","stafforderic@gmail.com","pbkdf2:sha256:260000$SWMd48geaT1DZCRx$351bd9becbbd22d4a22b24a424532371243b96dd8181010e7913c66341354100","Johnny","Martinez","86845","PSC 0367, Box 4656
APO AA 95684","False"
"32","smithsabrina@gmail.com","pbkdf2:sha256:260000$2EU8CUumh5C27BG7$00c84fd0f7590f938be4889d243aec2e0035db050f9b6aabf8d2c02ab8741478","David","Turner","13378","39140 Sheila Ferry
Lake Michael, KY 01682","False"
"33","rmiranda@hotmail.com","pbkdf2:sha256:260000$yKkeh865xCdWNoQv$a3aca1fe78034413735f027687ce81ec1f2584f1cfd2a31a285d7b35b118039a","Evelyn","Hendricks","96620","7954 Stephen Throughway Apt. 184
Franklinchester, GA 80124","False"
"34","millersamuel@yahoo.com","pbkdf2:sha256:260000$W6byJdRsKYzvgYvN$9157b1831e65bdd6221f2b144e5b29ae551e3bba0d8ef1c7b8731e6eb8b267eb","Paula","Walter","16570","0525 Christopher Fords
Shannonfort, ND 69503","False"
"35","cherylstewart@yahoo.com","pbkdf2:sha256:260000$OSYy82HbFnrFRQlH$7e1123887404cab29525ab7f7704e65822ddce3cc7cbfde746ed80fff1620bc5","Derrick","Webb","28498","520 Fox Expressway Suite 497
North Jasmine, PA 88434","False"
"36","santanajimmy@gmail.com","pbkdf2:sha256:260000$ODY2lQ8x1wTzaQPK$67ae854159f5ddaedfc96dccbb4189dec025c27e47d453df262d7370ef622b18","Patrick","Graves","56680","49874 Farrell Orchard Suite 311
New Veronicashire, MA 96567","False"
"37","stephenbeck@yahoo.com","pbkdf2:sha256:260000$UPIa8B8TPscy7k3Z$126d3caa46609695ceb6bab17787a3278a7cc98e459f0dd25a02eaa10484f99e","Leah","Bell","80930","94930 Madison Streets Apt. 622
Ryanhaven, IN 88294","False"
"38","palmercassandra@hotmail.com","pbkdf2:sha256:260000$PV4pXJ1iO1uUyFL5$f5371354c826a110ebf0d1e54f891b570f4b58c78a5c7633b6ff074c77c6406d","Dalton","Fritz","44493","33319 Russell Village
New James, CO 25596","False"
"39","alisongreer@yahoo.com","pbkdf2:sha256:260000$XPJzTMormPs2gyyE$2703f1fc649135dc6c2ebbd6a13191c07327ae35ea44e5b6c0196c0b1cd091e9","Madeline","Stevenson","60433","3348 Curtis Street
Fosterberg, CA 38222","False"
"40","jasondavis@hotmail.com","pbkdf2:sha256:260000$D7DnqltzKuG7npID$cfa2601f75873bed42f51e74f5ea23436c326b4ca1764ac599ed7b16a84ee0ff","Valerie","Charles","70802","496 Jeanette Divide Suite 055
Danafurt, AK 39361","False"
"41","markchan@gmail.com","pbkdf2:sha256:260000$iKBzqHn7cN8DKZPU$c3cbbac487b878a07ff72a9bedc82f2544e04a3874fb163b7c72325afc889280","James","Scott","23936","742 Jared Green
Lake Anthonyport, RI 94947","False"
"42","castroallen@gmail.com","pbkdf2:sha256:260000$MG5gkhca5s7UuAlx$b215d9f7a3c62576d4e35f53213537897ad9bec4d82f225fdbc087266faf575b","Jennifer","Garcia","38590","18940 Samantha Creek Apt. 722
Scottburgh, VT 75335","False"
"43","caleb01@yahoo.com","pbkdf2:sha256:260000$SyDOgMmhBxe1rsNC$2aae1c0cb02d283523dad6df34231bfab23f0f10114252fbb4b5d07d83f19f2c","Keith","Jones","54422","431 Johnson Neck Suite 039
Mariechester, VT 67849","False"
"44","guerrerothomas@hotmail.com","pbkdf2:sha256:260000$tdCyyDg8mPfxo2fH$edec40a80cbc2ffbf63e246a685890ebf07d1cbec20b7b0cab7ce14b895fc306","Lori","Moore","98156","20866 Keith Mill
Susanton, NJ 21190","False"
"45","allison58@hotmail.com","pbkdf2:sha256:260000$BE5lbbAUAohzQ5Ay$50b82cf80ca5e9507b69820abaaf397ec22a5e28678eba8d1e1421cc22db7da5","Ariel","Freeman","50111","125 Dixon Common
Lake Natashabury, VA 50064","False"
"46","jeremy24@yahoo.com","pbkdf2:sha256:260000$hQhYXqlHwHuXhC7t$c158e41b184f08f03f220127454cda0648993f801eef223308d2db83dc5f2c9a","Randy","Bernard","61207","0684 Samantha Cape
Jennifermouth, MT 01521","False"
"47","johnny46@hotmail.com","pbkdf2:sha256:260000$JrJOFIzohWZwURPB$a9c2cc61f3806ea2ad8eb008c9311c2ee7049788ce0f02bd4d90f6587ec9e570","Timothy","Kerr","88605","2648 Flores Stream
Henryville, PA 41804","False"
"48","james07@yahoo.com","pbkdf2:sha256:260000$mUYgJ0qWgCWa2kqg$87fdc9d3091f2500352173953e02aa6c71f8f04d4346a9b483d595fb0ec858c0","William","Crawford","72905","5830 Nielsen Greens Suite 891
Patriciahaven, FL 08869","False"
"49","marquezpaula@hotmail.com","pbkdf2:sha256:260000$xpFGwd8B19H76gJ2$d360a6dab99d67181522f2a553c539e29a12b45e19c842ea30029e0258d6e164","Jonathan","Davis","30019","45116 Blake Inlet Suite 034
East Melanie, NJ 32055","False"
"50","josephmason@hotmail.com","pbkdf2:sha256:260000$7HGLq8zPsarB7hDp$319ecba7c87086bd42521980388b0018ba37fa6c7f4466fbb30925044a618eba","Kathryn","Noble","51937","15233 Keller Wall Suite 978
Kimtown, TX 81993","False"
"51","richard56@yahoo.com","pbkdf2:sha256:260000$X94s7uY8g9xAn2PW$300773ef207f290301974656df179ca62fe5350fe46ea1d8e2e72c9fa1284b50","Daniel","Cortez","28525","31925 Ware Trail Suite 586
Riveraview, ME 58653","False"
"52","fosterbryan@yahoo.com","pbkdf2:sha256:260000$GzU6S5ETtjeT713h$9e53e20b8e2f6e92dea7d9a9b2a0ae1f04ae14c2ebd4d2d9cd76aa7c45adf232","Kenneth","Boyd","47129","61322 Hill Springs
Garymouth, CT 99406","False"
"53","anthonyvincent@yahoo.com","pbkdf2:sha256:260000$aMPhLXiFjrbR8u71$abb2a21f5abafadadbbc100b44bdebea160b3421eabfa620f533e9600d4508ec","Renee","Moore","93626","5285 Lisa Course
North James, VT 86261","False"
"54","sawyersamuel@yahoo.com","pbkdf2:sha256:260000$u9fntP2Epe7B5390$dc98e7b6590bfafcb370255156413d1179cfd11b1177eb73acc28415906ed5d8","Alyssa","Farley","836","938 Jason Summit
Gallowayville, GA 21419","False"
"55","gstone@yahoo.com","pbkdf2:sha256:260000$PahR1SQKoXlE1Waf$586d3af0f218bb058d72236ab4708b60b41d636c4bf9f972ffe01c2bbdadf477","Alexis","Williams","27027","810 Ralph Via
Georgefurt, TN 42292","False"
"56","kevinflores@gmail.com","pbkdf2:sha256:260000$cfWDIPrAtNapX67j$4949f62743fe7f636b6c998d22e6fa671307997977f136ea4c2364bd689aa766","Jasmine","Castro","3727","983 William Oval
New Jessica, DE 20592","False"
"57","gordon43@hotmail.com","pbkdf2:sha256:260000$FVLQWzCb8iBJM4pt$54a079476fa4ea6df2cc112dd6f227509cbe1593dfa669debd5f8fb8c7d6e570","Joseph","Williams","5772","411 Craig Knoll
East Lauren, VA 97386","False"
"58","kennethwashington@gmail.com","pbkdf2:sha256:260000$1qlzlIjlG9N2g3xS$a1a5faf87e74b0ecbb44608de442515104d4708737caa4eef1292036ece030f6","Jennifer","Marsh","67718","41694 Ashlee Lodge Suite 853
East Denise, DE 70663","False"
"59","hamiltonchristopher@gmail.com","pbkdf2:sha256:260000$gy5RuDoA23dnLALJ$4f6db6d1db84c75d62798c2b900280eadb1283f61170b9229114870422b45ba2","Anne","Michael","98651","535 Rowland Stravenue Suite 306
Richardtown, DE 41691","False"
"60","nsmith@hotmail.com","pbkdf2:sha256:260000$jSE8o2au6Ae89myQ$3fbe52cc337754f2b0843ff5890d25a7370539755c21b44026ccd48b2e14d483","Joshua","Duke","47259","23312 Bob Points
New Marychester, SD 59471","False"
"61","jennaarnold@yahoo.com","pbkdf2:sha256:260000$XrkWpD8bBnSAPfc0$5fdf29bacba76b74dd96711aac1ad052795b489b3d14c281f2dad689e9285c19","Susan","Turner","25511","5099 Rodriguez Square Apt. 267
Lisaview, TX 98607","False"
"62","scottzimmerman@hotmail.com","pbkdf2:sha256:260000$b6x2TVINxtGNEp7m$a3895f7a15a25234efbaee0b280806258973a46336c2f6ec8c5ff7a704ef3a45","Julie","Dominguez","18111","46894 Matthew Prairie
Josephbury, WA 68649","False"
"63","bonnie89@gmail.com","pbkdf2:sha256:260000$TgH9RUc3InUNruyR$630ec09f894cd541bc778218ea8b5a5c6aa0a6e48e2514a978652037b1b9d4d6","Dwayne","Osborne","50810","1955 Robert Lake Suite 238
New Dennis, NY 15122","False"
"64","cindy30@gmail.com","pbkdf2:sha256:260000$YYbuUHyXDwnppGXf$df2c34f4ac1c2804dc3c1aa75fb17f6310ecd2d67a7f534b7f9d4f1ce41d3dae","Antonio","Thompson","34666","24075 Lin Pass Apt. 490
Dominguezview, MN 02536","False"
"65","qhenderson@gmail.com","pbkdf2:sha256:260000$o2bhR1mQjAIRjfLr$42be126fa5c4bb62d6b3e6c37444398c64288e04793a27ecdea44da51a440c95","Yolanda","King","82066","64598 Jefferson Point Apt. 056
Nortonshire, IN 16140","False"
"66","nancyturner@hotmail.com","pbkdf2:sha256:260000$gKXzV3hDnHXxKJ4c$4de25b67f16eb2bedbcd8d180f04d7b29fa2615d101287c2a5b1beec87015b55","Richard","Woodward","88428","8379 Ashlee Port Apt. 461
North Markville, LA 13324","False"
"67","bradley51@hotmail.com","pbkdf2:sha256:260000$aGbIvMHGQt2uSGWI$a496c5d4a367563c7a7448853881b65a46df94c7c08a0979a866cf2ff1fb4cf4","Jeremy","Costa","74394","60980 Brian Road Suite 750
Rodriguezview, WA 06223","False"
"68","matthewpetersen@hotmail.com","pbkdf2:sha256:260000$BuVaqM09fabtSOgy$25f11522923456397f93fb57fdba0b3831a3378828bbd0bf7dd30aaa6f897e6f","Robert","Dunn","43334","46977 Rivera Route
Port Caleb, ND 66244","False"
"69","uhill@hotmail.com","pbkdf2:sha256:260000$aqCHxfx5wwI6lSs9$75db179e64b1cf30315dbed21e5fea20445672cbb67b207d7eb55d16079bf8b7","Tonya","Andersen","57486","473 Joseph River
East Dennis, VT 04136","False"
"70","lisa79@yahoo.com","pbkdf2:sha256:260000$MbtvdZXciJKovlrc$6dfe7e700fb747460e699a270232c6303495a224b9cf35e4b1cb41161179dddb","Stephen","Bernard","64255","2082 Russell Station Apt. 498
North Jerryshire, TN 99461","False"
"71","richardsonjerry@yahoo.com","pbkdf2:sha256:260000$zbugkkoN37DHkkfB$db915c3211a36c8d5a1769d8e00d7ad8ce1abe188788b1f5b284bab8e3d7e7e2","Amanda","Gonzalez","23864","2039 Wall Mission Suite 006
Piercetown, GA 89103","False"
"72","jmcmahon@gmail.com","pbkdf2:sha256:260000$YRmp95TzQEJm5P0a$d6d9ed4c06634dc37a6f86e1774612d5ddb993708c4112ffff4f86e6989ea766","Jimmy","Walker","97187","4101 Savage Park
South Lorraine, VA 53629","False"
"73","wrightkaylee@hotmail.com","pbkdf2:sha256:260000$YIgTtZZXqc4etAYI$d359b0b73f7e15543a0320588e0c188ff3ea8b9a154c1415ceb0cc6c9f3a0e6b","Austin","Holland","29178","08987 Ramirez Avenue
Bellchester, UT 04795","False"
"74","danielbernard@gmail.com","pbkdf2:sha256:260000$bRuAxQsWJm7qvzsi$74e78b7805bf06332c887d7df052560884f2d20901e0d4245d6535989c5220c9","Molly","Fuller","89172","848 Eric Knoll
North Justinchester, KS 69953","False"
"75","wbrown@gmail.com","pbkdf2:sha256:260000$5a5qahEa8B2meSq5$b62245d7775eb8a8e305881948e9d2440eb4f9f5c6d10ac68a8419814147d90a","Doris","Kaiser","74989","16581 Gregory River
Port Angela, VT 66142","False"
"76","ofernandez@yahoo.com","pbkdf2:sha256:260000$INngSBDBIILNKhvr$694beec3b982314dd06b4e5c8b8dd2627a5605749e30b9cef9e8362aab4c8bd4","Tyler","Curtis","65198","57654 Ponce Meadow
South Erica, NH 18794","False"
"77","conradthomas@yahoo.com","pbkdf2:sha256:260000$DKyB2JRkypWxF6pK$39e4c8d3328058f1736021808e03b4972d4d5ad34744387ae252983165068ff2","Angela","Tucker","58367","62799 Armstrong Avenue Apt. 932
South Tonya, ID 01948","False"
"78","savannahsoto@hotmail.com","pbkdf2:sha256:260000$oy14ORICzxZh6Wgg$f3fabb6ff56a71a68c8dbcdd87ab47e444bb8d68e8a9c6edb852672c0c6ae11d","Robert","Gould","71206","5565 Powers Avenue Apt. 753
West Alexanderchester, OR 56221","False"
"79","debra49@yahoo.com","pbkdf2:sha256:260000$0MQpIS0tEs1IYlJu$ac4a040f363a8cb3c848c14d46fb4909ce36306866246e3524d064da2c2be951","Cody","Morris","56636","46670 Orozco Walks Suite 505
Diazmouth, CA 12755","False"
"80","edward63@gmail.com","pbkdf2:sha256:260000$hIsGoItvcE9gu9TD$cb771f4eff8010cb4b313befbe8df8eba1cc61eacde1f636f65a02684a9dbe95","Valerie","Jacobs","6367","2337 Tina Trafficway
Lisaborough, OK 94452","False"
"81","deborah77@gmail.com","pbkdf2:sha256:260000$8wW93Z26m1jtCJ8t$301c9207488b8a387a42848081563ef415a0e883461ce8f64c67aef1ed1658b6","Deanna","Holt","26892","189 Johnson Flats Suite 066
North Tiffany, MA 54902","False"
"82","opoole@hotmail.com","pbkdf2:sha256:260000$m6MuE1tQEQNGop8P$85f0a238c2f48b080f264ba9e3d6b60a2041bc4e00a07e1363a978899ccd1a1d","Larry","Palmer","21339","58718 Camacho Cove Suite 092
Elizabethburgh, NJ 29866","False"
"83","dwells@hotmail.com","pbkdf2:sha256:260000$fMUJv3KnwRxIHuck$2d6928e6a0f1cc1ff3e8032c1a5fade2b65d5dbf2c53a43c8984137807ea7d3f","Kristina","Higgins","60343","824 Roberson Port Apt. 542
Martinborough, DC 98148","False"
"84","qstephenson@hotmail.com","pbkdf2:sha256:260000$pbmXdFyHrFht0uYy$aa87332a7420591ce58c5c04d9583bdd847a235673d179bb75b4dabc8525c2bf","Shawn","Matthews","48776","46432 Gina Route
West Johnny, CT 19932","False"
"85","jeffreysmith@gmail.com","pbkdf2:sha256:260000$tDSmSyRmNqd7bvcG$06e1098d471e2409d6f3580e2077d1c8a13eb2aefce5b456f1ae78e34b6c1fb4","Samantha","Parrish","51754","USCGC Blackburn
FPO AA 75632","False"
"86","marydaniel@yahoo.com","pbkdf2:sha256:260000$9EriPuGFfvy3cD6p$5c768974ad3b8d007ae3735ec6f46521d3cbf57115796e388f405787e32f9296","Tonya","Jacobs","18946","Unit 6430 Box 0927
DPO AP 20036","False"
"87","jerrybrooks@hotmail.com","pbkdf2:sha256:260000$wItsyYE5fUWm1QWw$d73818b26a978c50a415465843783a7bf0cf7e2c107dcf3fb4f1c35c091f1940","John","Beck","39766","304 Paul Mall
Douglasfurt, DC 54863","False"
"88","mcbridemary@gmail.com","pbkdf2:sha256:260000$Xy2C0zOnVZFfTEBY$2e934e004f5c3505be549b30eed76e3dcec03f78a0e68cd57470b9d1564d151f","Laurie","Underwood","74832","229 Case Shoal Suite 948
Lake Jennifer, TX 47367","False"
"89","ycolon@yahoo.com","pbkdf2:sha256:260000$3UMAfvX7oMPorycj$6a27fff3612a60286cd2fc1cda768151f692853aaa1dc9eff2b2af644e342464","Linda","Orozco","8903","Unit 4616 Box 6533
DPO AE 79485","False"
"90","michael74@yahoo.com","pbkdf2:sha256:260000$VgEM8HcQ8Biq5X5Q$eef4954080c2c0113ac6f6171ff2878585b24b1f07c18fdccdab214aac8f0c40","Kimberly","Park","97198","1123 Ferguson Circle Suite 287
North John, PA 04644","False"
"91","dillonwest@yahoo.com","pbkdf2:sha256:260000$QhrjBmpX6P83BURK$2ddd3ac47c662b7a6be5f80d0b94a91ebfe412233beae83ac2532a6b649752fa","Cynthia","Lyons","90362","9204 Ware Rapid
Lake Zachary, OH 28651","False"
"92","sarabender@hotmail.com","pbkdf2:sha256:260000$uFojMZUxN2TBMpkZ$a3f0af061b9f1e4c462c516c36da647bcc276f5f25222f01954df2c3472640f5","Daniel","Hall","13738","USNS Cisneros
FPO AP 07096","False"
"93","jeremy83@hotmail.com","pbkdf2:sha256:260000$ZGFW0OYnOCNS9R4Z$27950a166e96f66238751b9df304a49aae0ddb7899b2a0adb26c0119a3e26fc9","Spencer","Duncan","9359","1604 Perry Island Suite 400
Cortezville, AZ 28041","False"
"94","jonathan73@yahoo.com","pbkdf2:sha256:260000$ukjaIu45Cy42y6yN$11f500ec4c062fb2198d87263d35e66660f9c8d5885adc101d707cd216edbf4f","Cheryl","Acosta","72181","9928 Leach Cove Apt. 182
Mooreton, IL 16060","False"
"95","alexandramitchell@gmail.com","pbkdf2:sha256:260000$9fHFkoXgDtMjoRbP$72db1c70bedb56ba5b806640800d8b8c09ff1aaa149523bbb5b44195df3d4709","Matthew","DDS","8255","2898 Scott Shoal
West Ryanchester, AL 65745","False"
"96","mathew17@hotmail.com","pbkdf2:sha256:260000$C0FXRwYuIiMGq2VE$a1f13acd12ec60a5345da31f9c77f0cf6a36a2f86e14817202220c9cf831ef39","Angela","Peterson","31237","134 Garrett Curve
Sarahview, AL 31826","False"
"97","pgriffin@yahoo.com","pbkdf2:sha256:260000$cKSP9oy6klKn6bfL$ed1e07f5ceb5c0b635ccae380661cc7438df2b58490a0206d6d5284182083db2","Adrienne","Friedman","64602","09420 Ramos Walks Apt. 671
South Emilychester, KY 17264","False"
"98","kennethwilliams@gmail.com","pbkdf2:sha256:260000$DPJz1bDwywXz9hjP$692786ddd70ed3416aa05dc5793ea829715a00c384272ab1f628e8b31a1bf106","Donald","Thompson","32871","145 Roberts Common Suite 347
East Lindseyville, MA 56035","False"
"99","shawnharris@gmail.com","pbkdf2:sha256:260000$JxcmOm0765mdAVu2$23eed046d87dcca04fe385fb7c1e607bca4bba3c6f421fba35c5b61d70153d15","Bryan","Scott","9927","03107 Kristopher Parkways
Jenniferchester, WI 32030","False"
